{
  "cpMultipliers": {
    "1": 0.0939999967813492,
    "2": 0.166397869586945,
    "3": 0.215732470154762,
    "4": 0.255720049142838,
    "5": 0.290249884128571,
    "6": 0.321087598800659,
    "7": 0.349212676286697,
    "8": 0.375235587358475,
    "9": 0.399567276239395,
    "10": 0.422500014305115,
    "11": 0.443107545375824,
    "12": 0.46279838681221,
    "13": 0.481684952974319,
    "14": 0.499858438968658,
    "15": 0.517393946647644,
    "16": 0.534354329109192,
    "17": 0.550792694091797,
    "18": 0.566754519939423,
    "19": 0.582278907299042,
    "20": 0.597400009632111,
    "21": 0.61215728521347,
    "22": 0.626567125320435,
    "23": 0.6406529545784,
    "24": 0.654435634613037,
    "25": 0.667934000492096,
    "26": 0.681164920330048,
    "27": 0.694143652915955,
    "28": 0.706884205341339,
    "29": 0.719399094581604,
    "30": 0.731700003147125,
    "31": 0.737769484519958,
    "32": 0.743789434432983,
    "33": 0.749761044979095,
    "34": 0.75568550825119,
    "35": 0.761563837528229,
    "36": 0.767397165298462,
    "37": 0.773186504840851,
    "38": 0.778932750225067,
    "39": 0.784636974334717,
    "40": 0.790300011634827,
    "1.5": 0.135137432089339,
    "2.5": 0.192650913155325,
    "3.5": 0.236572651424822,
    "4.5": 0.273530372106572,
    "5.5": 0.306057381389863,
    "6.5": 0.335445031996451,
    "7.5": 0.362457736609939,
    "8.5": 0.387592407713878,
    "9.5": 0.4111935532161,
    "10.5": 0.432926420512509,
    "11.5": 0.453059948165049,
    "12.5": 0.472336085311278,
    "13.5": 0.490855807179549,
    "14.5": 0.5087017489616,
    "15.5": 0.525942516110322,
    "16.5": 0.542635753803599,
    "17.5": 0.558830584490385,
    "18.5": 0.57456912814537,
    "19.5": 0.589887907888945,
    "20.5": 0.604823648665171,
    "21.5": 0.619404107958234,
    "22.5": 0.633649178748576,
    "23.5": 0.647580971386554,
    "24.5": 0.661219265805859,
    "25.5": 0.674581885647492,
    "26.5": 0.687684901255373,
    "27.5": 0.700542901033063,
    "28.5": 0.713169074873823,
    "29.5": 0.725575586915154,
    "30.5": 0.734741038550429,
    "31.5": 0.740785579737136,
    "32.5": 0.746781197247765,
    "33.5": 0.752729099732281,
    "34.5": 0.758630370209851,
    "35.5": 0.76448604959218,
    "36.5": 0.770297293677362,
    "37.5": 0.776064947064992,
    "38.5": 0.781790050767666,
    "39.5": 0.787473608513275
  },
  "genders": {
    "0": {
      "name": "",
      "emoji": ""
    },
    "1": {
      "name": "male",
      "emoji": "♂️"
    },
    "2": {
      "name": "female",
      "emoji": "♀️"
    },
    "3": {
      "name": "genderless",
      "emoji": "⚧"
    }
  },
  "questMonsterTypeString": "{{name}} {{{emoji}}} ",
  "alignments": {
    "1": "Shadow",
    "2": "Purified"
  },
  "categories": {
    "1": "Team Leader",
    "2": "Grunt"
  },
  "throwType": {
    "10": "Nice",
    "11": "Great",
    "12": "Excellent",
    "13": "Curve"
  },
  "items": {
    "0": "Unknown",
    "1": "Poke Ball",
    "2": "Great Ball",
    "3": "Ultra Ball",
    "4": "Master Ball",
    "5": "Premier Ball",
    "101": "Potion",
    "102": "Super Potion",
    "103": "Hyper Potion",
    "104": "Max Potion",
    "201": "Revive",
    "202": "Max Revive",
    "301": "Lucky Egg",
    "401": "Incense Ordinary",
    "402": "Incense Spicy",
    "403": "Incense Cool",
    "404": "Incense Floral",
    "405": "Incense beluga box",
    "501": "Troy Disk",
    "502": "Troy disk glacial",
    "503": "Troy disk mossy",
    "504": "Troy disk magnetic",
    "602": "X Attack",
    "603": "X Defense",
    "604": "X Miracle",
    "701": "Razz Berry",
    "702": "Bluk Berry",
    "703": "Nanab Berry",
    "704": "Wepar Berry",
    "705": "Pinap Berry",
    "706": "Golden Razz Berry",
    "707": "Golden Nanab Berry",
    "708": "Silver Pinap Berry",
    "709": "Poffin",
    "801": "Special Camera",
    "901": "Incubator Basic Unlimited",
    "902": "Incubator Basic",
    "903": "Incubator Super",
    "1001": "Pokemon Storage Upgrade",
    "1002": "Item Storag Upgrade",
    "1101": "Sun Stone",
    "1102": "Kings Rock",
    "1103": "Metal Coat",
    "1104": "Dragon Scale",
    "1105": "Up Grade",
    "1106": "Gen4 evolution stone",
    "1107": "Gen5 evolution stone",
    "1201": "Fast TM",
    "1202": "Charged TM",
    "1301": "Rare Candy",
    "1401": "Free Raid Ticket",
    "1402": "Paid Raid Ticket",
    "1403": "Legendary Raid Ticket",
    "1404": "Star Piece",
    "1405": "Friend Gift Box",
    "1406": "Team change",
    "1501": "Leader map fragment",
    "1502": "Leader map",
    "1503": "Giovanni map",
    "1600": "Global event ticket"
  },
  "itemImages": [
    {
      "name": "Stardust",
      "url": "https://i.imgur.com/WimkNLf.png"
    },
    {
      "name": "Rare Candy",
      "url": "https://i.imgur.com/TnALZ7D.png"
    },
    {
      "name": "Razz",
      "url": "https://i.imgur.com/uHpw0Vp.png"
    },
    {
      "name": "Golden Razz",
      "url": "https://i.imgur.com/VMK1l2M.png"
    },
    {
      "name": "Nanab",
      "url": "https://i.imgur.com/lKlDhNV.png"
    },
    {
      "name": "Pinap",
      "url": "https://i.imgur.com/QxqLk4v.png"
    },
    {
      "name": "Silver Pinap",
      "url": "https://imgur.com/XegTf2v.png"
    },
    {
      "name": "Ultra Ball",
      "url": "https://i.imgur.com/7BQMix7.png"
    },
    {
      "name": "Great Ball",
      "url": "https://i.imgur.com/K5BVzrb.png"
    },
    {
      "name": "Revive",
      "url": "https://i.imgur.com/XrdRq32.png"
    },
    {
      "name": "Max Revive",
      "url": "https://i.imgur.com/b0MVEZR.png"
    },
    {
      "name": "Potion",
      "url": "https://i.imgur.com/rkS66uc.png"
    },
    {
      "name": "Max Potion",
      "url": "https://i.imgur.com/42MWLXE.png"
    },
    {
      "name": "Hyper Potion",
      "url": "https://i.imgur.com/E4InpM5.png"
    },
    {
      "name": "Super Potion",
      "url": "https://i.imgur.com/G189hze.png"
    },
    {
      "name": "TM",
      "url": "https://i.imgur.com/S38qdja.png"
    },
    {
      "name": "XP",
      "url": "https://i.imgur.com/lYmKyMG.jpg"
    },
    {
      "name": "Poke Ball",
      "url": "https://i.imgur.com/arNZ21Y.png"
    },
    {
      "name": "Sun Stone",
      "url": "https://i.imgur.com/ZCjTVK5.png"
    },
    {
      "name": "Kings Rock",
      "url": "https://i.imgur.com/2tLaqGF.png"
    },
    {
      "name": "Metal Coat",
      "url": "https://i.imgur.com/7BBRuM3.png"
    },
    {
      "name": "Dragon Scale",
      "url": "https://i.imgur.com/fNqysob.png"
    },
    {
      "name": "Up Grade",
      "url": "https://i.imgur.com/OqTZ0Wy.png"
    },
    {
      "name": "Sinnoh Stone",
      "url": "https://i.imgur.com/nWOZhSP.png"
    },
    {
      "name": "Unova Stone",
      "url": "https://i.imgur.com/a30N4xA.png"
    },
    {
      "name": "Venusaur Mega-Energy",
      "url": "https://raw.githubusercontent.com/nileplumb/PkmnShuffleMap/master/PMSF_icons_large/rewards/reward_mega_energy.png"
    },
    {
      "name": "Blastoise Mega-Energy",
      "url": "https://raw.githubusercontent.com/nileplumb/PkmnShuffleMap/master/PMSF_icons_large/rewards/reward_mega_energy.png"
    },
    {
      "name": "Charizard Mega-Energy",
      "url": "https://raw.githubusercontent.com/nileplumb/PkmnShuffleMap/master/PMSF_icons_large/rewards/reward_mega_energy.png"
    },
    {
      "name": "Beedrill Mega-Energy",
      "url": "https://raw.githubusercontent.com/nileplumb/PkmnShuffleMap/master/PMSF_icons_large/rewards/reward_mega_energy.png"
    }
  ],
  "genData": {
    "1": {
      "min": 1,
      "max": 151
    },
    "2": {
      "min": 152,
      "max": 251
    },
    "3": {
      "min": 252,
      "max": 386
    },
    "4": {
      "min": 387,
      "max": 493
    },
    "5": {
      "min": 494,
      "max": 649
    },
    "6": {
      "min": 650,
      "max": 721
    },
    "7": {
      "min": 722,
      "max": 809
    }
  }
}
