{
  "zaragoza": [
      [41.693066,-0.854559],
      [41.681362,-0.930972],
      [41.623623,-0.974585],
      [41.607688,-0.872649],
      [41.671206,-0.811601],
      [41.693066,-0.854559]
  ],
  "yokohama": [
      [35.482501,139.631672],
      [35.433345,139.460499],
      [35.337402,139.559099],
      [35.386598,139.62049],
      [35.407334,139.61448],
      [35.418673,139.654099],
      [35.417827,139.66841],
      [35.442488,139.66249],
      [35.446489,139.635356],
      [35.482501,139.631672]
  ],
  "paris": [
      [48.898634,2.392244],
      [48.897261,2.305329],
      [48.83792,2.250221],           
      [48.809229,2.339817],
      [48.832154,2.417722],
      [48.852281,2.496555],
      [48.888861,2.460906],
      [48.898634,2.392244] 
  ],
  "london": [
      [51.523944,-0.148664],
      [51.547022,-0.100499],
      [51.547664,-0.027662],
      [51.507061,-0.000921],
      [51.472932,-0.028365],
      [51.468136,-0.101437],
      [51.477113,-0.147073],
      [51.523944,-0.148664]
  ],
  "newyork": [
      [40.832394,-73.947713],
      [40.750307,-74.007011],
      [40.706451,-74.010866],
      [40.8008,-73.933275],
      [40.832394,-73.947713]
  ],
  "sydney": [
      [-33.930774,151.110739],
      [-33.974416,151.145197],
      [-34.001066,151.080329],
      [-33.951277,151.033469],
      [-33.930774,151.110739]
  ],
  "plymouth": [
      [50.393057,-4.112226],
      [50.373801,-4.117831],
      [50.370356,-4.142903],
      [50.374119,-4.175361],
      [50.395508,-4.174529],
      [50.416974,-4.158817],
      [50.441057,-4.138381],
      [50.439625,-4.100377],
      [50.393057,-4.112226]
  ],
  "hongkong": [
      [22.280087,114.125206],
      [22.282588,114.136194],
      [22.278137,114.147992],
      [22.275158,114.160008],
      [22.273418,114.177056],
      [22.274602,114.186959],
      [22.278936,114.194439],
      [22.286122,114.200577],
      [22.287672,114.205570],
      [22.294180,114.205341],
      [22.292354,114.193023],
      [22.284653,114.187142],
      [22.283303,114.174952],
      [22.282664,114.170609],
      [22.283419,114.166403],
      [22.284609,114.162412],
      [22.287151,114.158850],
      [22.291004,114.142718],
      [22.288702,114.131901],
      [22.285007,114.129238],
      [22.283263,114.122802]
  ],
  "manchester": [
      [53.489373,-2.255116],
      [53.490803,-2.241383],
      [53.489271,-2.228508],
      [53.483245,-2.221470],
      [53.475685,-2.217865],
      [53.467920,-2.221470],
      [53.461890,-2.230740],
      [53.460562,-2.246704],
      [53.464445,-2.262669],
      [53.472109,-2.267990],
      [53.477524,-2.268505],
      [53.482938,-2.266445]       
  ],
  "anchorage": [
      [61.230019,-149.881843],
      [61.22491,-149.738255],
      [61.180479,-149.73963],
      [61.179916,-149.806518],
      [61.136982,-149.802669],
      [61.136388,-149.83603],
      [61.123108,-149.835142],
      [61.122864,-149.834984],
      [61.122978,-149.955362],
      [61.147212,-149.954483],
      [61.194454,-149.981809],
      [61.218474,-149.903213],
      [61.230019,-149.881843]
  ],
  "amsterdam": [
      [52.395699,4.871775],
      [52.349355,4.962503],
      [52.314317,4.901492],
      [52.323389,4.838145],
      [52.367595,4.794587],
      [52.395699,4.871775]
  ],
  "toronto": [
      [43.876305,-79.639916],
      [43.703369,-79.844569],
      [43.560786,-79.671510],
      [43.653730,-79.433893],
      [43.642803,-79.390627],
      [43.650253,-79.346675],
      [43.676571,-79.292421],
      [43.862453,-79.272505],
      [43.911430,-79.454495]
  ],
  "rome": [
      [41.918884,12.480812],
      [41.917862,12.462616],
      [41.914669,12.443905],
      [41.901255,12.441673],
      [41.884899,12.453175],
      [41.876335,12.473087],
      [41.880681,12.501583],
      [41.891416,12.509995],
      [41.910709,12.512054],
      [41.918757,12.496605]
  ],
  "sao paulo": [
      [-23.527951,-46.648636],
      [-23.527479,-46.632328],
      [-23.531701,-46.615829],
      [-23.546993,-46.605633],
      [-23.565051,-46.615400],
      [-23.572796,-46.636190],
      [-23.563950,-46.656176],
      [-23.546599,-46.666662],
      [-23.531150,-46.656262]
  ],
  "san francisco": [
      [37.799158,-122.474337],
      [37.798755,-122.399334],
      [37.724768,-122.372114],
      [37.709461,-122.399002],
      [37.666901,-122.391941],
      [37.659326,-122.495477],
      [37.777994,-122.509074],
      [37.799158,-122.474337]
  ],
  "seoul": [
      [37.574180,126.976990],
      [37.584652,127.016993],
      [37.588868,127.040171],
      [37.559762,127.037939],
      [37.555749,126.972011]
  ],
  "berlin": [
      [52.536481,13.357314],
      [52.540031,13.377571],
      [52.539823,13.398170],
      [52.534811,13.417739],
      [52.526250,13.431132],
      [52.517474,13.433189],
      [52.508698,13.434910],
      [52.497833,13.429069],
      [52.492603,13.413625],
      [52.488422,13.385466],
      [52.494485,13.354219],
      [52.512251,13.341860],
      [52.527086,13.345983]
  ],
  "goldsboro": [
     [35.341479,-77.999176],
     [35.3685,-77.96763],
     [35.369074,-77.952817],
     [35.361366,-77.93369],
     [35.367406,-77.928378],
     [35.392311,-77.933281],
     [35.419198,-77.964107],
     [35.408876,-78.014679],
     [35.403287,-78.02444],
     [35.378599,-78.028107],
     [35.368796,-78.024043],
     [35.341479,-77.999176]
  ],
  "petoskey": [
      [45.397551,-84.911361],
      [45.378053,-84.960607],
      [45.380934,-84.961218],
      [45.376892,-84.965019],
      [45.371564,-84.981053],
      [45.345631,-84.977289],
      [45.333322,-84.965056],
      [45.345548,-84.94068],
      [45.356777,-84.935262],
      [45.361989,-84.924942],
      [45.375704,-84.924591],
      [45.393445,-84.901054],
      [45.397551,-84.911361]
  ],
  "oslo": [
      [59.91609,10.544416],
      [59.89039,10.566999],
      [59.90284,10.603048],
      [59.880014,10.603569],
      [59.912162,10.640962],
      [59.919788,10.677562],
      [59.896415,10.672415],
      [59.9152,10.702925],
      [59.908823,10.750453],
      [59.862288,10.785388],
      [59.852691,10.78798],
      [59.858013,10.836079],
      [59.920211,10.86159],
      [59.937704,10.90019],
      [59.909474,10.947206],
      [59.917246,10.998433],
      [59.951408,11.049271],
      [59.985098,11.055255],
      [60.031659,11.075676],
      [60.010523,11.017576],
      [59.984426,11.013234],
      [59.972791,10.987764],
      [59.948138,10.981173],
      [59.946538,10.953601],
      [59.968498,10.92755],
      [59.983522,10.940479],
      [59.968767,10.892369],
      [59.946115,10.834289],
      [59.948808,10.799252],
      [59.970206,10.7982],
      [59.965206,10.726935],
      [59.955647,10.710205],
      [59.960974,10.690664],
      [59.980707,10.651824],
      [59.9608,10.63834],
      [59.91609,10.544416]
  ],
  "louisville": [
      [38.235776,-85.727749],
      [38.245118,-85.738097],
      [38.251643,-85.717222],
      [38.241194,-85.714488],
      [38.243157,-85.707707],
      [38.237363,-85.709005],
      [38.230834,-85.672553],
      [38.220925,-85.645868],
      [38.199921,-85.68405],
      [38.235776,-85.727749]

  ],
"OSLO ØST": [
      [59.878519,10.856161],
      [59.874587,10.824727],
      [59.893626,10.804819],
      [59.907242,10.821111],
      [59.938028,10.787028],
      [59.968418,10.766096],
      [59.97049,10.799339],
      [59.950921,10.800725],
      [59.95469,10.817354],
      [59.946594,10.833514],
      [59.970365,10.874544],
      [59.961854,10.88554],
      [59.976818,10.930649],
      [59.950715,10.944611],
      [59.929443,10.924764],
      [59.936158,10.898641],
      [59.91728,10.862356],
      [59.904681,10.851821],
      [59.878519,10.856161]

  ],